speaker,start_time,end_time,transcription,translation
Speaker 1,0.00,4.51,"Être médecin de la fertilité dans un dîner, ça se passe comme ça.",Being a fertility doctor at a dinner party goes like this.
Speaker 1,4.62,13.59,"Quelqu'un se penche, regarde à gauche, à droite, et chuchote : « Petite question… combien d'ovocytes je devrais congeler ? »","Someone leans in, looks left, looks right, and whispers: ""Quick question… how many eggs should I freeze?"""
Speaker 1,13.96,19.91,Et je dois donner la réponse la plus agaçante de la médecine : « Ça dépend. »,"And I have to give the most annoying answer in medicine: ""It depends."""
Speaker 1,20.58,28.34,"Surtout de deux choses : votre âge au moment de la congélation, et le nombre d'ovocytes congelés.","Mostly on two things: your age when you freeze, and how many eggs you freeze."
Speaker 1,28.34,46.59,"Une grande revue de 2024 a montré ceci : chez les femmes qui avaient congelé à 35 ans ou avant, puis utilisé leurs ovocytes, environ 5 sur 10 ont eu un bébé.","A big 2024 review found this: of women who froze at 35 or younger and later used their eggs, about 5 out of 10 had a baby."
Speaker 1,46.84,49.55,Congelé à 40 ans ou plus ?,Froze at 40 or older?
Speaker 1,49.90,52.08,Environ 2 sur 10.,About 2 out of 10.
Speaker 1,52.08,58.29,"Si ce deuxième chiffre est dur à entendre : ce sont des moyennes, pas votre pronostic.","If that second number is hard to hear: these are averages, not your forecast."
Speaker 1,58.86,73.69,"Dans cette vidéo : les chiffres à chaque âge, pourquoi deux fois plus d'ovocytes ne veut pas dire deux fois plus de chances, ce que la FIV change, et trois questions à poser à votre centre.","In this video: the numbers at each age, why twice the eggs isn't twice the chance, how IVF changes things, and three questions to ask your clinic."
Speaker 1,74.30,78.89,"Je suis le docteur Senai Aksoy, spécialiste de la fertilité.","I'm Dr. Senai Aksoy, fertility specialist."
Speaker 1,79.18,81.20,"Bon — on y va, on commence.","Okay — let's go, let's get started."
Speaker 1,81.20,93.07,"D'abord, une confession au nom de toute ma profession : les médecins disent « ça dépend » tellement souvent qu'on devrait l'imprimer sur nos diplômes.","First, a confession on behalf of my whole profession: doctors say ""it depends"" so often it should be printed on our diplomas."
Speaker 1,93.52,97.77,"Alors cette fois, je vais vraiment la mériter.","So this time, let me actually earn it."
Speaker 1,98.04,104.55,"Trois mots à bien distinguer : ovocytes, embryons et bébés.","Three words we need to get right: eggs, embryos and babies."
Speaker 1,104.76,106.55,Ce n'est pas la même chose.,They're not the same thing.
Speaker 1,107.24,115.87,"Quand je dis « ovocytes » dans cette vidéo, je parle d'ovocytes matures — ceux qui sont prêts à être fécondés.","When I say ""eggs"" in this video, I mean mature eggs — the ones that are ready to be fertilized."
Speaker 1,116.00,119.47,Tous les ovocytes recueillis ne sont pas matures.,Not every egg that's collected is mature.
Speaker 1,120.06,128.77,"Une bonne façon de voir la congélation : c'est comme prendre une photo, pas acheter une machine à remonter le temps.","Here's a good way to think about freezing: it's like taking a photo, not buying a time machine."
Speaker 1,129.28,134.92,Les ovocytes gardent l'âge qu'ils avaient le jour de la congélation.,The eggs stay the age they were on the day you froze them.
Speaker 1,134.92,143.13,"Jusqu'ici, les études montrent qu'ils ne vieillissent pas au congélateur — mais ils ne rajeunissent pas non plus.","Studies so far show they don't get older in the freezer — but they don't get any younger, either."
Speaker 1,144.08,145.01,Petite question.,Quick question.
Speaker 1,145.40,150.07,"Si vous congelez 20 ovocytes, avez-vous 20 chances d'avoir un bébé ?","If you freeze 20 eggs, do you have 20 chances at a baby?"
Speaker 1,150.64,151.55,Pas tout à fait.,Not quite.
Speaker 1,152.16,154.09,Imaginez un concours de talents.,Think of it like a talent show.
Speaker 1,154.46,158.39,Vingt ovocytes montent sur scène.,Twenty eggs walk on stage.
Speaker 1,158.54,160.85,Premier tour : la décongélation.,Round one: the thaw.
Speaker 1,161.40,163.22,La plupart passent.,Most of them make it.
Speaker 1,163.22,165.85,Deuxième tour : la fécondation.,Round two: fertilization.
Speaker 1,166.18,170.23,Quelques-uns de plus rentrent chez eux.,A few more go home.
Speaker 1,170.64,175.25,Troisième tour : devenir un embryon de cinq jours.,Round three: growing into a day-five embryo.
Speaker 1,175.74,178.15,"Là, beaucoup plus rentrent chez eux.","Here, a lot more go home."
Speaker 1,178.68,179.75,Et puis la finale.,And then the final round.
Speaker 1,179.98,181.59,Le tour des chromosomes.,The chromosome round.
Speaker 1,182.20,188.93,"Un jury sévère — et plus les ovocytes sont âgés, plus il est sévère.","A tough judge — and the older the eggs, the tougher it gets."
Speaker 1,189.40,191.64,Voilà le chiffre à retenir.,Here's the number to remember.
Speaker 1,191.64,210.77,"Dans un grand centre de congélation d'ovocytes, si vous aviez congelé avant 38 ans, environ 2 ou 3 ovocytes décongelés sur 10 sont arrivés jusqu'à un embryon chromosomiquement normal.","At one large egg-freezing clinic, if you froze before 38, about 2 or 3 out of every 10 thawed eggs made it all the way to a chromosomally normal embryo."
Speaker 1,211.14,218.28,"Si vous aviez congelé à 38 ans ou plus, c'était moins de 1 sur 10.","If you froze at 38 or later, it was less than 1 out of 10."
Speaker 1,218.28,228.61,Et même les gagnants ne décrochent pas toujours le contrat : un embryon chromosomiquement normal ne s'implante pas toujours.,And even the winners don't always get the record deal. A chromosomally normal embryo doesn't always implant.
Speaker 1,229.14,238.45,"En résumé : ovocytes, embryons et bébés, ce sont trois chiffres différents — et l'âge pèse sur les trois.","Bottom line: eggs, embryos and babies are three different numbers — and age shapes all three."
Speaker 1,239.46,242.79,"Maintenant, la question pour laquelle vous êtes là.","Now, the question you came for."
Speaker 1,242.92,246.55,Combien d'ovocytes faut-il à votre âge ?,How many eggs do you need at your age?
Speaker 1,247.06,260.23,"Dans chaque famille, il y en a un. L'oncle qui a un chiffre. « Des ovocytes ? T'en congèles vingt, et c'est réglé. La fille d'un collègue l'a fait. »","Every family has one. The uncle with a number. ""Eggs? Freeze twenty. Done. My colleague's daughter did it."""
Speaker 1,261.24,267.45,Avec tout le respect : votre oncle n'a jamais vu un œuf ailleurs que dans une omelette.,With respect: your uncle has never seen an egg that wasn't on a breakfast plate.
Speaker 1,268.26,271.47,"Une histoire, ce n'est pas une statistique.",One story isn't a statistic.
Speaker 1,271.70,273.64,Alors en voici une.,So here's an actual statistic.
Speaker 1,273.64,297.03,"Un centre universitaire de New York a étudié des femmes qui avaient congelé leurs ovocytes, puis sont revenues les utiliser, et a compté combien ont eu un bébé ou une grossesse évolutive — selon leur âge à la congélation, et selon le nombre d'ovocytes matures décongelés.","A university clinic in New York looked at women who froze their eggs and later came back to use them, and counted how many had a baby or an ongoing pregnancy — by their age at freezing, and by how many mature eggs were thawed."
Speaker 1,297.52,312.65,"Avant que je vous le dise : si vous aviez congelé avant 38 ans et décongelé ensuite 20 ovocytes ou plus, combien de femmes sur 10, à votre avis, ont eu un bébé ?","Before I tell you: if you froze before 38 and later thawed 20 or more eggs, how many out of 10 women do you think had a baby?"
Speaker 1,312.78,314.13,Faites un pronostic.,Take a guess.
Speaker 1,314.88,315.76,La plupart.,Most of them did.
Speaker 1,315.76,326.87,"Avec 20 ovocytes matures ou plus, environ 7 ou 8 femmes sur 10 avant 38 ans.","With 20 or more mature eggs, about 7 or 8 out of 10 women under 38."
Speaker 1,327.14,332.31,"Entre 38 et 40 ans, environ 5 sur 10.","At 38 to 40, about 5 out of 10."
Speaker 1,332.74,339.47,"À 41 ans ou plus, environ 3 ou 4 sur 10.","At 41 or older, about 3 or 4 out of 10."
Speaker 1,340.32,345.45,"Avec moins de 10 ovocytes, chacun de ces chiffres était beaucoup plus bas.","With fewer than 10 eggs, every one of those numbers was much lower."
Speaker 1,345.98,350.03,Le tableau complet est à l'écran.,The full table is on screen.
Speaker 1,350.20,358.00,"Une précision honnête : c'est un seul centre, certains groupes étaient petits, et d'autres centres auront d'autres chiffres.","One honest caveat: this is one clinic, some of these groups were small, and other clinics will have different numbers."
Speaker 1,358.00,362.21,"Donc prenez ça comme un repère, pas comme une promesse.","So treat this as a rough guide, not a promise."
Speaker 1,363.54,370.49,"Plus d'ovocytes, ça aide — mais doubler le nombre d'ovocytes ne double pas les chances.","Now, more eggs help — but doubling your eggs doesn't double your chance."
Speaker 1,370.90,384.23,"Dans le modèle de ce même centre, à 34 ans, passer de 10 à 20 ovocytes matures faisait passer la chance d'environ 5 sur 10 à presque 7.","In that same clinic's model, at 34, going from 10 to 20 mature eggs took the chance from about 5 out of 10 to nearly 7."
Speaker 1,395.03,395.91,Faites une pause.,Pause for a second.
Speaker 1,395.91,402.90,"Qu'est-ce qui compte le plus : le nombre de cycles, ou le nombre total d'ovocytes matures obtenus ?","What matters more: how many cycles you do, or how many mature eggs you end up with in total?"
Speaker 1,403.89,409.93,"Dans cette étude, les cycles supplémentaires n'aidaient pas en eux-mêmes.","In that study, extra cycles didn't help on their own."
Speaker 1,409.93,413.08,Ils aidaient parce qu'ils ajoutaient des ovocytes.,They helped because they added eggs.
Speaker 1,413.15,434.42,"Alors, faut-il mettre tous ses œufs dans le même panier ? … Oui, c'était une blague Carambar. Déformation professionnelle. Mais c'est vraiment l'idée : ce qui compte, c'est le nombre total d'ovocytes matures, pas le nombre de paniers qu'il a fallu.","So should you put all your eggs in one basket? …Yes, that was a dad joke. Occupational hazard. But it's genuinely the point: what counts is the total number of mature eggs, not how many baskets it took."
Speaker 1,434.51,443.84,"Bref : l'âge fixe les chances de chaque ovocyte, et le nombre total d'ovocytes décide combien d'essais vous avez à ces chances-là.","In short: age sets the odds for each egg, and the total number of eggs decides how many tries you get at those odds."
Speaker 1,444.23,445.62,"Maintenant, la FIV.","Now, IVF."
Speaker 1,445.85,452.21,"Là, les ovocytes ne sont pas congelés en attente : ils sont fécondés tout de suite.",Here the eggs aren't frozen and waiting; they're fertilized right away.
Speaker 1,452.21,455.42,"Même logique, autre calendrier.","Same logic, different timing."
Speaker 1,456.95,485.98,"Dans une énorme analyse britannique, la chance prédite d'avoir un bébé après un cycle frais de FIV augmentait avec le nombre d'ovocytes recueillis — matures ou non — jusqu'à environ 15, se stabilisait entre 15 et 20, puis baissait au-delà de 20. Je vous épargne le tableur — les détails sont à l'écran.","In a huge UK analysis, the predicted chance of a baby from a fresh IVF cycle rose with the number of eggs collected — mature or not — up to about 15. Between 15 and 20 it flattened out, and beyond 20 it dipped. I'll spare you the spreadsheet — the details are on screen."
Speaker 1,487.39,490.56,"Mais ça, c'est seulement le transfert frais.",But that's only the fresh transfer.
Speaker 1,490.73,505.77,"Si on compte aussi les embryons congelés de la même ponction, dans une autre grande étude, la chance continuait d'augmenter avec le nombre d'ovocytes — plus lentement tout en haut, mais sans plateau.","Count the frozen embryos from the same collection too, and in another large study the chance kept climbing with more eggs — more slowly at the top, but with no flattening."
Speaker 1,505.77,508.64,"Maintenant, la partie sérieuse.","Now, the serious part."
Speaker 1,508.79,511.28,La stimulation n'est pas sans risque.,Stimulation isn't risk-free.
Speaker 1,511.49,518.04,Chercher un très grand nombre d'ovocytes augmente le risque d'hyperstimulation ovarienne.,Pushing for a very high number of eggs raises the risk of ovarian hyperstimulation.
Speaker 1,518.67,524.82,"L'objectif, c'est un nombre raisonnable pour vous — pas un record personnel.",The goal is a sensible number for you — not a personal record.
Speaker 1,525.97,532.12,"Donc : en FIV aussi, plus d'ovocytes, ça aide — jusqu'à un nombre sûr pour vous.","So: in IVF too, more eggs help — up to a number that's safe for you."
Speaker 1,534.14,537.35,Quelques points à connaître avant de décider.,A few things worth knowing before you decide.
Speaker 1,537.70,541.21,Congeler ses ovocytes n'est pas une garantie d'avoir un bébé.,Freezing eggs isn't a guarantee of a baby.
Speaker 1,541.32,545.55,"Souvenez-vous : c'est une photo, pas une machine à remonter le temps.","Remember: it's a photo, not a time machine."
Speaker 1,545.92,552.03,Ça peut améliorer vos chances plus tard — surtout si les ovocytes sont congelés jeunes.,It can improve your odds later — mostly when the eggs are frozen younger.
Speaker 1,552.72,560.14,Les bébés nés d'ovocytes congelés semblent aller aussi bien à la naissance que ceux nés d'ovocytes frais.,Babies born from frozen eggs appear to do as well at birth as babies born from fresh eggs.
Speaker 1,560.14,570.25,"Dans les études que nous avons vues, seulement environ 1 femme sur 10 est revenue utiliser ses ovocytes dans les premières années.","In the studies we looked at, only about 1 out of 10 women came back to use their eggs within the first several years."
Speaker 1,571.08,581.67,"Et le parcours lui-même — injections d'hormones et ponction — demande du temps et de l'argent, et comporte ses propres risques.","And the process itself — hormone injections and an egg retrieval — takes time and money, and carries its own risks."
Speaker 1,581.90,585.44,Ça mérite une vraie discussion avec votre médecin.,That deserves a proper conversation with your doctor.
Speaker 1,585.44,596.27,"Si vous me demandez ce que j'en retiens — et c'est mon avis de clinicien, pas un résultat d'étude — trois choses comptent plus qu'un seul chiffre rond.","If you ask me what I take from all this — and this is my clinical view, not a study result — three things matter more than any single round number."
Speaker 1,596.72,599.79,Votre âge au moment de la congélation.,Your age when the eggs are frozen.
Speaker 1,600.06,603.36,Le nombre total d'ovocytes matures obtenus.,The total number of mature eggs you end up with.
Speaker 1,603.36,606.65,Et les résultats de votre propre laboratoire.,And your own lab's results.
Speaker 1,607.54,613.32,"Si vous pensez à la congélation, plus tôt est en général plus favorable.","If you're thinking about freezing, earlier tends to be kinder to the odds."
Speaker 1,613.32,619.11,"Et quel que soit votre âge, vous méritez des chiffres honnêtes, pas une promesse.","And whatever your age, you deserve honest numbers, not a promise."
Speaker 1,619.52,621.19,"Alors, retour au dîner.","So, back to the dinner party."
Speaker 1,621.58,626.13,« Combien d'ovocytes je devrais congeler ? » Ça dépend toujours.,"""How many eggs should I freeze?"" It still depends."
Speaker 1,626.30,634.64,"Mais maintenant, vous savez de quoi : surtout de votre âge au moment de la congélation, et du nombre total d'ovocytes matures.","But now you know on what: mostly your age when you freeze, and how many mature eggs you have in total."
Speaker 1,634.64,639.55,"Et deux fois plus d'ovocytes, ce n'est pas deux fois plus de chances.",And twice the eggs isn't twice the chance.
Speaker 1,640.14,643.47,"Si vous ne retenez qu'une chose, souvenez-vous de la photo.","If you remember one thing, remember the photo."
Speaker 1,643.96,654.53,"Et la prochaine fois que votre oncle dit « T'en congèles vingt, et c'est réglé », demandez-lui simplement : elle date de quand, la photo ?","And next time your uncle says ""Freeze twenty. Done."" Just ask him: how old is the photo?"
Speaker 1,655.20,658.60,"Quand vous verrez votre médecin, voici trois questions à poser.","When you see your doctor, here are three questions you can bring."
Speaker 1,658.60,666.17,"Combien d'ovocytes matures puis-je espérer par cycle, à mon âge et avec mes résultats ?","How many mature eggs would you expect me to get per cycle, at my age and with my test results?"
Speaker 1,666.42,681.39,"Quel est le taux de survie à la décongélation dans votre laboratoire, et combien de femmes de mon âge ont eu un bébé avec leurs ovocytes congelés chez vous ?","What's your lab's survival rate after thawing, and how many women my age have had a baby from their frozen eggs here?"
Speaker 1,681.74,692.85,"Et si un cycle donne moins d'ovocytes que prévu, qu'apporterait réellement un deuxième cycle ?","And if one cycle gives fewer eggs than we hoped, what would a second cycle realistically add?"
Speaker 1,693.20,696.19,Je les ai mises aussi dans la description.,I've put these in the description too.
Speaker 1,697.02,701.39,"Cette vidéo est une information générale, pas un avis médical personnel.","This video is general information, not personal medical advice."
Speaker 1,701.76,707.37,Vos propres chiffres méritent la lecture de votre propre médecin.,Your own numbers deserve your own doctor's reading.
Speaker 1,707.90,720.29,"Et si vous vous demandez si les compléments peuvent faire quelque chose pour la qualité des ovocytes avant la congélation, je les ai classés selon les preuves dans cette vidéo.","And if you're wondering whether supplements can do anything for egg quality before freezing, I ranked the main ones by evidence in this video."
Speaker 1,720.64,723.55,Voilà l'adresse.,Here's the link.
Speaker 1,724.96,725.84,"Allez, ciao !",Alright — ciao!
